question,answer,contexts,ground_truth,evolution_type,faithfulness,answer_relevancy,context_precision,context_recall
Thuế GTGT phải nộp trong kỳ (dòng 40) là bao nhiêu?,[RAG answer],"[""Thuế GTGT phải nộp của hoạt động SXKD trong kỳ 52.133.830 [40a]""]",52.133.830 đồng,simple,0.9248,0.8717,0.8453,0.9114
Công ty nộp thuế theo kỳ nào?,[RAG answer],"[""[016] Kỳ tính thuế: Quý 4 năm 2024""]",Quý 4 năm 2024,simple,0.8883,0.866,0.9105,0.866
Tên người nộp thuế là gì?,[RAG answer],"[""[04] Tên người nộp thuế: CÔNG TY CÓ PHẦN DHA SURFACES""]",CÔNG TY CÓ PHẦN DHA SURFACES,simple,0.8765,0.9126,0.7676,0.7921
Mã số thuế của công ty DHA là gì?,[RAG answer],"[""[05] Mã số thuế: 0106769437""]",0106769437,simple,0.9121,0.7652,0.6793,0.7863
Thuế GTGT đầu vào được khấu trừ kỳ này là bao nhiêu?,[RAG answer],"[""Thuế GTGT hàng mua vào được khấu trừ kỳ này 215.163.767 [25]""]",215.163.767 đồng,simple,0.8494,0.8989,0.7364,0.7353
Tổng giá trị hàng hóa dịch vụ mua vào là bao nhiêu?,[RAG answer],"[""Giá trị hàng hóa mua vào 2.405.743.241 [23] thuế 215.163.767 [24]""]",2.405.743.241 đồng,simple,0.9733,0.8665,0.8047,0.7345
Hàng hóa bán ra chịu thuế suất 10% có giá trị bao nhiêu?,[RAG answer],"[""Hàng hóa bán ra thuế suất 10%: 3.703.685.610 [32] thuế 344.675.400 [33]""]",3.703.685.610 đồng,simple,0.8728,0.8867,0.7194,0.8425
Thuế GTGT còn khấu trừ kỳ trước chuyển sang là bao nhiêu?,[RAG answer],"[""Thuế GTGT còn khấu trừ kỳ trước chuyển sang 77.377.803 [22]""]",77.377.803 đồng,simple,0.87,0.8625,0.7579,0.9311
Thuế GTGT phát sinh trong kỳ là bao nhiêu?,[RAG answer],"[""Thuế GTGT phát sinh trong kỳ [36] 129.511.633""]",129.511.633 đồng,simple,0.8993,0.8165,0.8576,0.7467
Tổng doanh thu hàng bán ra là bao nhiêu?,[RAG answer],"[""Tổng doanh thu và thuế GTGT hàng bán ra [34] 3.703.655.610 [35] 344.675.400""]",3.703.655.610 đồng,simple,0.9104,0.7624,0.707,0.8318
Hàng hóa nhập khẩu trong kỳ có giá trị bao nhiêu?,[RAG answer],"[""Hàng hóa nhập khẩu 0 [2.3a] [24b] 0""]",0 đồng,simple,0.9369,0.8903,0.7919,0.8019
Thuế GTGT điều chỉnh giảm kỳ trước là bao nhiêu?,[RAG answer],"[""Điều chỉnh giảm [37] 0""]",0 đồng,simple,0.8261,0.8368,0.7678,0.8834
Tờ khai áp dụng mẫu số nào?,[RAG answer],"[""Mẫu số: 01/GTGT ban hành kèm Thông tư số 50/2021/TT-BTC""]",Mẫu số 01/GTGT,simple,0.9172,0.7742,0.8227,0.7969
Hàng hóa bán ra chịu thuế suất 5% có giá trị bao nhiêu?,[RAG answer],"[""Hàng hóa bán ra thuế suất 5%: 0 [30] thuế 0 [31]""]",0 đồng,simple,0.8662,0.9167,0.8722,0.8759
Thuế GTGT chưa khấu trừ hết kỳ này là bao nhiêu?,[RAG answer],"[""Thuế GTGT chưa khấu trừ hết kỳ này [41] 0""]",0 đồng,simple,0.858,0.8614,0.8232,0.8785
Hàng hóa bán ra không chịu thuế GTGT là bao nhiêu?,[RAG answer],"[""Hàng hóa bán ra không chịu thuế GTGT [26] 0""]",0 đồng,simple,0.876,0.8689,0.7226,0.7482
Nguyên tắc nào chi phối việc xử lý dữ liệu cá nhân?,[RAG answer],"[""Xu ly du lieu ca nhan phai tuan thu nguyen tac hop phap minh bach muc dich cu the gioi han luu tru""]",Hợp pháp; minh bạch; mục đích cụ thể; giới hạn lưu trữ,simple,0.9406,0.9614,0.795,0.8802
Thời hạn báo cáo sự cố rò rỉ dữ liệu là bao lâu?,[RAG answer],"[""To chuc xu ly du lieu co nghia vu bao cao su co trong vong 72 gio ke tu khi phat hien""]",72 giờ kể từ khi phát hiện,simple,0.9181,0.8413,0.8253,0.9123
Điều kiện chuyển giao dữ liệu cá nhân ra nước ngoài gồm gì?,[RAG answer],"[""Chuyen giao du lieu ca nhan ra nuoc ngoai can danh gia tac dong hop dong bien phap bao dam""]",Đánh giá tác động; hợp đồng; biện pháp bảo đảm,simple,0.8982,0.9739,0.6166,0.8693
Chủ thể dữ liệu phải được thông báo điều gì trước khi thu thập?,[RAG answer],"[""Chu the du lieu phai duoc thong bao ro rang ve muc dich xu ly truoc khi thu thap""]",Mục đích xử lý dữ liệu,simple,0.9044,0.8621,0.8064,0.7007
Tên hoạt động sản xuất kinh doanh của DHA là gì?,[RAG answer],"[""[01a] Tên hoạt động SXKD: Hoạt động sản xuất kinh doanh thông thường""]",Hoạt động sản xuất kinh doanh thông thường,simple,0.889,0.9014,0.9035,0.7889
Người ký tờ khai là ai?,[RAG answer],"[""Ký điện tử bởi: TRỊNH THỊ SANG - CÔNG TY CỔ PHẦN DHA SURFACES""]",TRỊNH THỊ SANG,simple,0.8596,0.8499,0.8641,0.8397
Tờ khai được nộp lần đầu hay bổ sung?,[RAG answer],"[""[02] Lần đầu: [x] [03] Bổ sung lần thứ: [1]""]",Lần đầu (ô [02]),simple,0.8735,0.9108,0.8068,0.8781
Thuế GTGT đề nghị hoàn là bao nhiêu?,[RAG answer],"[""Thuế GTGT đề nghị hoàn [42] 0""]",0 đồng,simple,0.8649,0.8603,0.7726,0.7322
Thuế GTGT còn khấu trừ chuyển kỳ sau là bao nhiêu?,[RAG answer],"[""Thuế GTGT còn được khấu trừ chuyển kỳ sau [43] 0""]",0 đồng,simple,0.9148,0.8957,0.8004,0.8059
Tại sao thuế GTGT còn khấu trừ kỳ trước không làm số thuế phải nộp về 0?,[RAG answer],"[""Thuế GTGT còn khấu trừ kỳ trước 77.377.803 [22]; Thuế phát sinh kỳ này [36] 129.511.633; Thuế phải nộp [40] 52.133.830""]",Thuế phát sinh kỳ này 129.511.633 lớn hơn khấu trừ 77.377.803 nên số phải nộp là 52.133.830 đồng,reasoning,0.6385,0.6779,0.5857,0.5978
Vì sao không có hàng chịu thuế suất 0% và 5% trong kỳ?,[RAG answer],"[""Hàng hóa bán ra thuế suất 0%: [29] 0; thuế suất 5%: [30] 0; thuế suất 10%: 3.703.685.610""]",Doanh nghiệp không phát sinh hoạt động xuất khẩu (0%) hoặc hàng hóa đặc thù (5%) trong Q4/2024,reasoning,0.7639,0.7604,0.8086,0.6857
Công ty có thể khấu trừ bao nhiêu thuế GTGT đầu vào và tỷ lệ khấu trừ là bao nhiêu?,[RAG answer],"[""Thuế GTGT hàng mua vào 215.163.767 [24]; Thuế GTGT được khấu trừ 215.163.767 [25]; Thuế GTGT hàng bán ra 344.675.400 [35]""]",215.163.767 đồng được khấu trừ hoàn toàn; tỷ lệ đầu vào/đầu ra = 215.163.767/344.675.400 ≈ 62.4%,reasoning,0.8058,0.7126,0.4281,0.6676
Tại sao nghĩa vụ thông báo mục đích xử lý dữ liệu quan trọng theo Nghị định 13/2023?,[RAG answer],"[""Nguyen tac xu ly phai minh bach; Chu the du lieu phai duoc thong bao ro rang ve muc dich xu ly truoc khi thu thap""]",Đây là cơ chế đảm bảo nguyên tắc minh bạch và cho phép chủ thể dữ liệu thực hiện quyền đồng ý có ý thức,reasoning,0.786,0.9663,0.6008,0.6971
Giới hạn 72 giờ báo cáo sự cố quan trọng hơn báo cáo sau điều tra xong vì sao?,[RAG answer],"[""To chuc xu ly du lieu co nghia vu bao cao trong vong 72 gio ke tu khi phat hien su co""]",Báo cáo sớm cho phép cơ quan quản lý can thiệp kịp thời bảo vệ chủ thể dữ liệu trước khi thiệt hại lan rộng,reasoning,0.7765,0.6031,0.7343,0.7377
Thuế GTGT phải nộp 52 triệu phản ánh gì về hoạt động kinh doanh của DHA?,[RAG answer],"[""Hàng hóa mua vào 2.405.743.241; Hàng hóa bán ra 3.703.688.610; Thuế phải nộp 52.133.830""]",Doanh thu lớn hơn chi phí mua vào đáng kể (3.7 tỷ vs 2.4 tỷ); tạo ra giá trị gia tăng thực tế dương,reasoning,0.8591,0.6291,0.7603,0.5438
Hậu quả nào xảy ra nếu công ty khai sai thuế GTGT đầu vào?,[RAG answer],"[""Thuế GTGT khấu trừ kỳ này 215.163.767 [25]; Tôi cam đoan số liệu khai đúng và chịu trách nhiệm trước pháp luật""]",Khai sai thuế đầu vào → khấu trừ sai → truy thu thuế + phạt theo pháp luật,reasoning,0.8387,0.939,0.5209,0.619
Tại sao Nghị định 13/2023 yêu cầu đánh giá tác động trước khi chuyển dữ liệu ra nước ngoài?,[RAG answer],"[""Chuyen giao du lieu ca nhan ra nuoc ngoai can danh gia tac dong hop dong bien phap bao dam""]",Đánh giá tác động giúp xác định rủi ro bảo mật và pháp lý tại quốc gia nhận; bảo vệ quyền lợi chủ thể dữ liệu,reasoning,0.79,0.6697,0.4649,0.6762
Doanh nghiệp chịu trách nhiệm gì khi xảy ra sự cố rò rỉ dữ liệu theo nguyên tắc minh bạch?,[RAG answer],"[""Nguyen tac minh bach; To chuc xu ly du lieu co nghia vu bao cao su co trong vong 72 gio""]",Phải báo cáo kịp thời trong 72 giờ và thông báo cho chủ thể dữ liệu về bản chất sự cố,reasoning,0.6738,0.7674,0.5281,0.8095
Tại sao điều chỉnh thuế GTGT [37] và [38] đều bằng 0 trong kỳ?,[RAG answer],"[""Điều chỉnh giảm [37] 0; Điều chỉnh tăng [38] 0; [02] Lần đầu: [x]""]",Không có sai sót trong kê khai kỳ trước cần điều chỉnh; đây là tờ khai lần đầu của kỳ Q4/2024,reasoning,0.7017,0.6878,0.7014,0.5592
Nếu doanh nghiệp không có chữ ký điện tử hợp lệ thì tờ khai có giá trị pháp lý không?,[RAG answer],"[""Ký điện tử bởi: TRỊNH THỊ SANG; Ngày 24 tháng 01 năm 2025""]",Không; chữ ký điện tử bắt buộc để xác thực tờ khai điện tử; thiếu chữ ký khiến tờ khai không hợp lệ,reasoning,0.8027,0.8507,0.4593,0.6866
Công ty có nghĩa vụ bảo vệ dữ liệu như thế nào khi xử lý dữ liệu khách hàng trong kinh doanh?,[RAG answer],"[""Nguyen tac xu ly: hop phap minh bach muc dich cu the; su dong y; bao cao su co 72 gio""]",Phải tuân thủ: hợp pháp; minh bạch; mục đích cụ thể; thu thập có đồng ý; bảo mật; báo cáo sự cố trong 72 giờ,reasoning,0.806,0.7982,0.4963,0.5512
So sánh tỷ lệ thuế GTGT đầu ra và đầu vào của DHA trong Q4/2024,[RAG answer],"[""Thuế GTGT hàng bán ra 344.675.400 [35]; Thuế GTGT đầu vào khấu trừ 215.163.767 [25]""]",Thuế đầu ra 344.675.400 đồng (10% trên 3.703.685.610); thuế đầu vào 215.163.767 đồng; tỷ lệ đầu ra/đầu vào ≈ 1.60 phản ánh giá trị gia tăng dương,multi_context,0.7426,0.6727,0.5526,0.6116
Nghĩa vụ của DHA vừa là người nộp thuế vừa là tổ chức xử lý dữ liệu cá nhân,[RAG answer],"[""[05] Mã số thuế 0106769437; [40] Thuế phải nộp 52.133.830; Nguyen tac xu ly du lieu: hop phap minh bach""]",Nghĩa vụ thuế: kê khai và nộp 52.133.830 đồng GTGT. Nghĩa vụ dữ liệu: tuân thủ Nghị định 13/2023 về minh bạch; đồng ý; báo cáo sự cố,multi_context,0.5984,0.6655,0.5581,0.4843
Hai nghĩa vụ phải thực hiện đồng thời nếu DHA bị rò rỉ dữ liệu khi nộp tờ khai điện tử,[RAG answer],"[""Thuế GTGT phải nộp [40] 52.133.830; To chuc xu ly du lieu co nghia vu bao cao su co trong vong 72 gio""]",Báo cáo sự cố rò rỉ trong 72 giờ theo Nghị định 13/2023 và hoàn thành nộp 52.133.830 đồng thuế GTGT đúng hạn,multi_context,0.9039,0.6921,0.3651,0.6488
Quy trình nào cần theo nếu DHA muốn chia sẻ dữ liệu tài chính với đối tác nước ngoài?,[RAG answer],"[""Chuyen giao du lieu ra nuoc ngoai can danh gia tac dong hop dong; [05] Mã số thuế 0106769437""]",Tuân thủ Nghị định 13/2023: đánh giá tác động; ký hợp đồng; áp dụng biện pháp bảo đảm; đồng thời đảm bảo dữ liệu tài chính không lộ ngoài mục đích,multi_context,0.563,0.7266,0.6706,0.4715
Sự minh bạch trong xử lý dữ liệu và kê khai thuế có điểm chung nào?,[RAG answer],"[""Tôi cam đoan số liệu khai đúng và chịu trách nhiệm trước pháp luật; Nguyen tac xu ly phai minh bach""]",Cả hai yêu cầu trung thực; khai báo đầy đủ; chịu trách nhiệm pháp lý: tờ khai cam đoan số liệu đúng; Nghị định 13 yêu cầu thông báo minh bạch mục đích,multi_context,0.7956,0.6854,0.6269,0.7976
Mối liên hệ giữa mã số thuế 0106769437 và dữ liệu cá nhân theo Nghị định 13/2023?,[RAG answer],"[""[05] Mã số thuế 0106769437; Du lieu ca nhan la thong tin giup xac dinh mot con nguoi""]",Mã số thuế là định danh doanh nghiệp; nếu liên kết đến cá nhân chủ doanh nghiệp thì trở thành dữ liệu cá nhân cần bảo vệ,multi_context,0.6506,0.5571,0.4044,0.4721
Điều gì xảy ra nếu DHA không tuân thủ cả nghĩa vụ thuế và bảo vệ dữ liệu?,[RAG answer],"[""Cam đoan số liệu đúng chịu trách nhiệm trước pháp luật; To chuc xu ly du lieu co nghia vu bao cao su co""]",Về thuế: bị phạt chậm nộp và truy thu. Về dữ liệu: vi phạm Nghị định 13/2023 bị xử phạt hành chính và yêu cầu khắc phục,multi_context,0.6707,0.6775,0.556,0.6693
Kỳ tính thuế Q4/2024 trùng với giai đoạn nào trong vòng đời quản lý dữ liệu?,[RAG answer],"[""[016] Kỳ tính thuế Quý 4 năm 2024; Nguyen tac gioi han luu tru; muc dich cu the""]",Q4/2024 là giai đoạn thu thập và xử lý dữ liệu cuối năm; cần đảm bảo đồng thời lưu trữ dữ liệu an toàn và kê khai thuế chính xác,multi_context,0.6816,0.7999,0.4856,0.8964
Công ty ký điện tử tờ khai — quy trình này liên quan đến bảo vệ dữ liệu cá nhân thế nào?,[RAG answer],"[""Ký điện tử bởi TRỊNH THỊ SANG; Du lieu ca nhan la thong tin gan lien voi mot con nguoi""]",Chữ ký điện tử của bà Trịnh Thị Sang là dữ liệu cá nhân cần bảo vệ; đồng thời tờ khai có thể chứa dữ liệu cá nhân của khách hàng,multi_context,0.7551,0.5457,0.3808,0.6279
Tổng nghĩa vụ tài chính và chi phí bảo vệ dữ liệu của DHA trong Q4/2024 là gì?,[RAG answer],"[""Thuế GTGT phải nộp [40] 52.133.830; Chuyen giao du lieu ra nuoc ngoai can danh gia tac dong bien phap bao dam""]",Thuế GTGT: 52.133.830 đồng. Chi phí bảo vệ dữ liệu: đánh giá tác động; biện pháp bảo đảm; hệ thống báo cáo sự cố,multi_context,0.6532,0.7185,0.5815,0.5613
Nếu tỷ lệ thuế GTGT tăng gấp đôi kỳ sau thì DHA cần điều chỉnh quản lý dữ liệu như thế nào?,[RAG answer],"[""Thuế phải nộp 52.133.830; Nguyen tac xu ly: muc dich cu the; Chuyen giao du lieu can danh gia tac dong""]",Tăng thuế → tăng giao dịch → tăng lượng dữ liệu xử lý → cần nâng cấp hệ thống bảo vệ và mở rộng phạm vi đánh giá tác động theo Nghị định 13,multi_context,0.5784,0.4734,0.462,0.6728
Phân tích cách thức ký điện tử tờ khai ngày 24/01/2025 liên quan đến cả nghĩa vụ thuế và dữ liệu,[RAG answer],"[""Ngày 24 tháng 01 năm 2025; TRỊNH THỊ SANG; Du lieu ca nhan la thong tin giup xac dinh mot con nguoi""]",Ký điện tử 24/01/2025 xác nhận nghĩa vụ thuế Q4/2024; chữ ký số là dữ liệu cá nhân cần bảo vệ; quá trình ký cần đảm bảo bảo mật theo Nghị định 13,multi_context,0.7057,0.503,0.5425,0.6162
Tổng kết nghĩa vụ pháp lý của DHA Surfaces Q4/2024 về tài chính và dữ liệu cá nhân,[RAG answer],"[""Thuế GTGT phải nộp [40] 52.133.830; Nguyen tac xu ly du lieu: hop phap minh bach; bao cao su co 72 gio""]",Tài chính: nộp thuế GTGT 52.133.830 đồng theo mẫu 01/GTGT. Dữ liệu: tuân thủ Nghị định 13/2023 gồm thông báo mục đích; đảm bảo đồng ý; bảo mật; báo cáo sự cố trong 72 giờ,multi_context,0.5739,0.6569,0.5276,0.4328
